subject_id,scan_id,file_path,age,diagnosis,sex,site
SUBJ_0001,SUBJ_0001_V1,volumes/SUBJ_0001_V1.nii.gz,81.22,CN,F,SITE_B
SUBJ_0002,SUBJ_0002_V1,volumes/SUBJ_0002_V1.nii.gz,83.76,CN,M,SITE_C
SUBJ_0003,SUBJ_0003_V1,volumes/SUBJ_0003_V1.nii.gz,60.83,CN,F,SITE_C
SUBJ_0004,SUBJ_0004_V1,volumes/SUBJ_0004_V1.nii.gz,80.83,CN,F,SITE_C
SUBJ_0005,SUBJ_0005_V1,volumes/SUBJ_0005_V1.nii.gz,61.84,CN,F,SITE_B
SUBJ_0006,SUBJ_0006_V1,volumes/SUBJ_0006_V1.nii.gz,69.12,CN,M,SITE_C
SUBJ_0006,SUBJ_0006_V2,volumes/SUBJ_0006_V2.nii.gz,69.62,CN,F,SITE_B
SUBJ_0007,SUBJ_0007_V1,volumes/SUBJ_0007_V1.nii.gz,82.68,CN,F,SITE_B
SUBJ_0008,SUBJ_0008_V1,volumes/SUBJ_0008_V1.nii.gz,64.82,CN,M,SITE_B
SUBJ_0009,SUBJ_0009_V1,volumes/SUBJ_0009_V1.nii.gz,59.91,CN,F,SITE_C
SUBJ_0010,SUBJ_0010_V1,volumes/SUBJ_0010_V1.nii.gz,76.95,CN,M,SITE_C
SUBJ_0011,SUBJ_0011_V1,volumes/SUBJ_0011_V1.nii.gz,68.64,CN,M,SITE_C
SUBJ_0012,SUBJ_0012_V1,volumes/SUBJ_0012_V1.nii.gz,84.79,CN,F,SITE_C
SUBJ_0012,SUBJ_0012_V2,volumes/SUBJ_0012_V2.nii.gz,85.29,CN,F,SITE_A
SUBJ_0013,SUBJ_0013_V1,volumes/SUBJ_0013_V1.nii.gz,72.0,CN,M,SITE_A
SUBJ_0014,SUBJ_0014_V1,volumes/SUBJ_0014_V1.nii.gz,62.63,CN,F,SITE_C
SUBJ_0015,SUBJ_0015_V1,volumes/SUBJ_0015_V1.nii.gz,80.34,CN,M,SITE_C
SUBJ_0016,SUBJ_0016_V1,volumes/SUBJ_0016_V1.nii.gz,67.77,CN,F,SITE_B
SUBJ_0017,SUBJ_0017_V1,volumes/SUBJ_0017_V1.nii.gz,72.09,CN,F,SITE_A
SUBJ_0018,SUBJ_0018_V1,volumes/SUBJ_0018_V1.nii.gz,61.9,CN,F,SITE_B
SUBJ_0018,SUBJ_0018_V2,volumes/SUBJ_0018_V2.nii.gz,62.4,CN,M,SITE_A
SUBJ_0019,SUBJ_0019_V1,volumes/SUBJ_0019_V1.nii.gz,78.09,CN,F,SITE_B
SUBJ_0020,SUBJ_0020_V1,volumes/SUBJ_0020_V1.nii.gz,82.98,CN,F,SITE_C
SUBJ_0021,SUBJ_0021_V1,volumes/SUBJ_0021_V1.nii.gz,67.37,CN,F,SITE_C
SUBJ_0022,SUBJ_0022_V1,volumes/SUBJ_0022_V1.nii.gz,82.14,CN,F,SITE_B
SUBJ_0023,SUBJ_0023_V1,volumes/SUBJ_0023_V1.nii.gz,66.65,CN,M,SITE_C
SUBJ_0024,SUBJ_0024_V1,volumes/SUBJ_0024_V1.nii.gz,62.19,CN,F,SITE_A
SUBJ_0024,SUBJ_0024_V2,volumes/SUBJ_0024_V2.nii.gz,62.69,CN,F,SITE_A
SUBJ_0025,SUBJ_0025_V1,volumes/SUBJ_0025_V1.nii.gz,81.61,CN,F,SITE_B
SUBJ_0026,SUBJ_0026_V1,volumes/SUBJ_0026_V1.nii.gz,79.15,CN,M,SITE_C
SUBJ_0027,SUBJ_0027_V1,volumes/SUBJ_0027_V1.nii.gz,71.77,CN,F,SITE_B
SUBJ_0028,SUBJ_0028_V1,volumes/SUBJ_0028_V1.nii.gz,62.19,CN,M,SITE_A
SUBJ_0029,SUBJ_0029_V1,volumes/SUBJ_0029_V1.nii.gz,78.05,CN,F,SITE_B
SUBJ_0030,SUBJ_0030_V1,volumes/SUBJ_0030_V1.nii.gz,74.96,CN,M,SITE_C
SUBJ_0030,SUBJ_0030_V2,volumes/SUBJ_0030_V2.nii.gz,75.46,CN,F,SITE_B
SUBJ_0031,SUBJ_0031_V1,volumes/SUBJ_0031_V1.nii.gz,74.61,CN,M,SITE_B
SUBJ_0032,SUBJ_0032_V1,volumes/SUBJ_0032_V1.nii.gz,67.12,CN,F,SITE_A
SUBJ_0033,SUBJ_0033_V1,volumes/SUBJ_0033_V1.nii.gz,71.1,CN,F,SITE_A
SUBJ_0034,SUBJ_0034_V1,volumes/SUBJ_0034_V1.nii.gz,70.26,CN,F,SITE_C
SUBJ_0035,SUBJ_0035_V1,volumes/SUBJ_0035_V1.nii.gz,65.02,CN,F,SITE_A
SUBJ_0036,SUBJ_0036_V1,volumes/SUBJ_0036_V1.nii.gz,66.44,CN,F,SITE_A
SUBJ_0036,SUBJ_0036_V2,volumes/SUBJ_0036_V2.nii.gz,66.94,CN,M,SITE_B
SUBJ_0037,SUBJ_0037_V1,volumes/SUBJ_0037_V1.nii.gz,74.71,CN,F,SITE_C
SUBJ_0038,SUBJ_0038_V1,volumes/SUBJ_0038_V1.nii.gz,77.93,CN,M,SITE_B
SUBJ_0039,SUBJ_0039_V1,volumes/SUBJ_0039_V1.nii.gz,82.42,CN,M,SITE_A
SUBJ_0040,SUBJ_0040_V1,volumes/SUBJ_0040_V1.nii.gz,58.68,CN,M,SITE_A
SUBJ_0041,SUBJ_0041_V1,volumes/SUBJ_0041_V1.nii.gz,79.67,CN,F,SITE_B
SUBJ_0042,SUBJ_0042_V1,volumes/SUBJ_0042_V1.nii.gz,62.84,CN,F,SITE_B
SUBJ_0042,SUBJ_0042_V2,volumes/SUBJ_0042_V2.nii.gz,63.34,CN,F,SITE_A
SUBJ_0043,SUBJ_0043_V1,volumes/SUBJ_0043_V1.nii.gz,78.89,CN,M,SITE_B
SUBJ_0044,SUBJ_0044_V1,volumes/SUBJ_0044_V1.nii.gz,69.43,CN,M,SITE_A
SUBJ_0045,SUBJ_0045_V1,volumes/SUBJ_0045_V1.nii.gz,76.91,CN,F,SITE_B
SUBJ_0046,SUBJ_0046_V1,volumes/SUBJ_0046_V1.nii.gz,60.63,CN,M,SITE_A
SUBJ_0047,SUBJ_0047_V1,volumes/SUBJ_0047_V1.nii.gz,86.86,CN,M,SITE_C
SUBJ_0048,SUBJ_0048_V1,volumes/SUBJ_0048_V1.nii.gz,78.99,CN,M,SITE_A
SUBJ_0048,SUBJ_0048_V2,volumes/SUBJ_0048_V2.nii.gz,79.49,CN,F,SITE_C
SUBJ_0049,SUBJ_0049_V1,volumes/SUBJ_0049_V1.nii.gz,81.36,CN,M,SITE_C
SUBJ_0050,SUBJ_0050_V1,volumes/SUBJ_0050_V1.nii.gz,71.48,CN,F,SITE_A
SUBJ_0051,SUBJ_0051_V1,volumes/SUBJ_0051_V1.nii.gz,60.89,CN,M,SITE_C
SUBJ_0052,SUBJ_0052_V1,volumes/SUBJ_0052_V1.nii.gz,71.67,CN,F,SITE_A
SUBJ_0053,SUBJ_0053_V1,volumes/SUBJ_0053_V1.nii.gz,67.18,CN,F,SITE_B
SUBJ_0054,SUBJ_0054_V1,volumes/SUBJ_0054_V1.nii.gz,63.3,CN,M,SITE_C
SUBJ_0054,SUBJ_0054_V2,volumes/SUBJ_0054_V2.nii.gz,63.8,CN,M,SITE_C
SUBJ_0055,SUBJ_0055_V1,volumes/SUBJ_0055_V1.nii.gz,79.58,CN,F,SITE_B
SUBJ_0056,SUBJ_0056_V1,volumes/SUBJ_0056_V1.nii.gz,76.82,CN,M,SITE_B
SUBJ_0057,SUBJ_0057_V1,volumes/SUBJ_0057_V1.nii.gz,77.5,CN,F,SITE_A
SUBJ_0058,SUBJ_0058_V1,volumes/SUBJ_0058_V1.nii.gz,70.47,CN,F,SITE_A
SUBJ_0059,SUBJ_0059_V1,volumes/SUBJ_0059_V1.nii.gz,72.82,CN,M,SITE_A
SUBJ_0060,SUBJ_0060_V1,volumes/SUBJ_0060_V1.nii.gz,62.34,CN,F,SITE_A
SUBJ_0060,SUBJ_0060_V2,volumes/SUBJ_0060_V2.nii.gz,62.84,CN,M,SITE_B
SUBJ_0061,SUBJ_0061_V1,volumes/SUBJ_0061_V1.nii.gz,63.12,MCI,M,SITE_C
SUBJ_0062,SUBJ_0062_V1,volumes/SUBJ_0062_V1.nii.gz,75.43,MCI,M,SITE_B
SUBJ_0063,SUBJ_0063_V1,volumes/SUBJ_0063_V1.nii.gz,75.73,MCI,M,SITE_A
SUBJ_0064,SUBJ_0064_V1,volumes/SUBJ_0064_V1.nii.gz,86.76,MCI,M,SITE_B
SUBJ_0065,SUBJ_0065_V1,volumes/SUBJ_0065_V1.nii.gz,81.48,MCI,M,SITE_A
SUBJ_0066,SUBJ_0066_V1,volumes/SUBJ_0066_V1.nii.gz,72.6,MCI,F,SITE_B
SUBJ_0067,SUBJ_0067_V1,volumes/SUBJ_0067_V1.nii.gz,86.13,MCI,M,SITE_B
SUBJ_0068,SUBJ_0068_V1,volumes/SUBJ_0068_V1.nii.gz,72.2,MCI,F,SITE_A
SUBJ_0069,SUBJ_0069_V1,volumes/SUBJ_0069_V1.nii.gz,67.95,MCI,F,SITE_B
SUBJ_0070,SUBJ_0070_V1,volumes/SUBJ_0070_V1.nii.gz,71.17,MCI,M,SITE_A
SUBJ_0071,SUBJ_0071_V1,volumes/SUBJ_0071_V1.nii.gz,82.79,MCI,M,SITE_C
SUBJ_0072,SUBJ_0072_V1,volumes/SUBJ_0072_V1.nii.gz,62.21,MCI,M,SITE_B
SUBJ_0073,SUBJ_0073_V1,volumes/SUBJ_0073_V1.nii.gz,61.26,AD,F,SITE_C
SUBJ_0074,SUBJ_0074_V1,volumes/SUBJ_0074_V1.nii.gz,66.44,AD,M,SITE_B
SUBJ_0075,SUBJ_0075_V1,volumes/SUBJ_0075_V1.nii.gz,79.81,AD,F,SITE_C
SUBJ_0076,SUBJ_0076_V1,volumes/SUBJ_0076_V1.nii.gz,61.23,AD,F,SITE_C
SUBJ_0077,SUBJ_0077_V1,volumes/SUBJ_0077_V1.nii.gz,64.91,AD,M,SITE_A
SUBJ_0078,SUBJ_0078_V1,volumes/SUBJ_0078_V1.nii.gz,74.65,AD,F,SITE_B
SUBJ_0079,SUBJ_0079_V1,volumes/SUBJ_0079_V1.nii.gz,82.89,AD,M,SITE_C
SUBJ_0080,SUBJ_0080_V1,volumes/SUBJ_0080_V1.nii.gz,67.51,AD,M,SITE_C
SUBJ_0081,SUBJ_0081_V1,volumes/SUBJ_0081_V1.nii.gz,66.73,AD,F,SITE_B
SUBJ_0082,SUBJ_0082_V1,volumes/SUBJ_0082_V1.nii.gz,65.68,AD,F,SITE_C
SUBJ_0083,SUBJ_0083_V1,volumes/SUBJ_0083_V1.nii.gz,62.94,AD,F,SITE_A
SUBJ_0084,SUBJ_0084_V1,volumes/SUBJ_0084_V1.nii.gz,71.05,AD,F,SITE_C
